Name,ID,PstPrj,GPA,Units,Role,Bhvr,GrDes,Anlys,Comm,Doc,Mech,Prgm,Weld,Mach,Wood,Tool,3DPrnt,LsrCut,P1,P2,P3,P4,P5,Top
a,,,,,,,,,,,,,,,,,,,,,,,,
b,,,,,,,,,,,,,,,,,,,,,,,,
c,,,,,,,,,,,,,,,,,,,,,,,,
d,,,,,,,,,,,,,,,,,,,,,,,,
e,,,,,,,,,,,,,,,,,,,,,,,,
f,,,,,,,,,,,,,,,,,,,,,,,,
g,,,,,,,,,,,,,,,,,,,,,,,,
h,,,,,,,,,,,,,,,,,,,,,,,,
i,,,,,,,,,,,,,,,,,,,,,,,,
j,,,,,,,,,,,,,,,,,,,,,,,,
k,,,,,,,,,,,,,,,,,,,,,,,,
l,,,,,,,,,,,,,,,,,,,,,,,,
m,,,,,,,,,,,,,,,,,,,,,,,,
n,,,,,,,,,,,,,,,,,,,,,,,,
o,,,,,,,,,,,,,,,,,,,,,,,,
p,,,,,,,,,,,,,,,,,,,,,,,,
q,,,,,,,,,,,,,,,,,,,,,,,,
r,,,,,,,,,,,,,,,,,,,,,,,,
s,,,,,,,,,,,,,,,,,,,,,,,,
t,,,,,,,,,,,,,,,,,,,,,,,,
u,,,,,,,,,,,,,,,,,,,,,,,,
v,,,,,,,,,,,,,,,,,,,,,,,,
w,,,,,,,,,,,,,,,,,,,,,,,,
x,,,,,,,,,,,,,,,,,,,,,,,,
y,,,,,,,,,,,,,,,,,,,,,,,,
z,,,,,,,,,,,,,,,,,,,,,,,,
